<?xml version="1.0" encoding="utf-8"?>
<extension version="1.7" type="plugin" group="content">
	<name>Content - linker</name>
	<author>Prabhu Bhakta</author>
	<creationDate>October 2012</creationDate>
	<copyright>Copyright (C) 2012</copyright>
	<license>GNU General Public License version 2 or later</license>
	<authorEmail>dprabin@kalika.com.np</authorEmail>
	<authorUrl>www.kalika.com.np</authorUrl>
	<version>1.0</version>
	<description>A plugin that turns the word 'book' into a link to the book page.</description>

	<files>
		<filename plugin="linker">linker.php</filename>
		<filename>index.html</filename>
	</files>

	<config />
</extension>
