<?xml version="1.0" encoding="utf-8"?>
<!DOCTYPE install SYSTEM "http://dev.joomla.org/xml/1.5/component-install.dtd">
<install type="component" method="upgrade" version="1.7.0">
	<name>com_explore</name>
	<author>Explore California</author>
	<creationDate>April 2011</creationDate>
	<copyright>Copyright (C) 2011</copyright>
	<license>GNU General Public License version 2 or later</license>
	<authorEmail>code@explorecalifornia.org</authorEmail>
	<authorUrl>www.explorecalifornia.org</authorUrl>
	<version>1.0</version>
	<description>Allows for entry, editing, and display of California tours.</description>

	<languages folder="language/en-GB">
		<language tag="en-GB">en-GB.com_explore.ini</language>
	</languages>

	<files folder="components/com_explore">
		<filename>explore.php</filename>
		<filename>index.html</filename>
	</files>

	<install>
		<sql>
			<file charset="utf8" driver="mysql">install.mysql.sql</file>
		</sql>
	</install>
	<uninstall>
		<sql>
			<file charset="utf8" driver="mysql">uninstall.mysql.sql</file>
		</sql>
	</uninstall>

	<administration>
		<languages folder="administrator/language/en-GB">
			<language tag="en-GB">en-GB.com_explore.sys.ini</language>
			<language tag="en-GB">en-GB.com_explore.ini</language>
		</languages>
		<menu link="option=com_explore">COM_EXPLORE</menu>
		<submenu>
			<menu link="option=com_explore&amp;view=activities"
				alt="COM_EXPLORE_CALIFORNIA_ACTIVITIES">COM_EXPLORE_ACTIVITIES</menu>
			<menu link="option=com_explore&amp;view=tours"
				alt="COM_EXPLORE_CALIFORNIA_TOURS">COM_EXPLORE_TOURS</menu>
		</submenu>
		<files folder="administrator/components/com_explore">
			<filename>explore.php</filename>
			<filename>index.html</filename>
			<filename>install.mysql.sql</filename>
			<filename>manifest.xml</filename>
			<filename>uninstall.mysql.sql</filename>
		</files>
	</administration>
</install>