<?xml version="1.0" encoding="utf-8"?>
<extension version="1.7" type="plugin" group="content">
	<name>Content - Activities</name>
	<author>Explore California</author>
	<creationDate>April 2011</creationDate>
	<copyright>Copyright (C) 2011</copyright>
	<license>GNU General Public License version 2 or later</license>
	<authorEmail>code@explorecalifornia.org</authorEmail>
	<authorUrl>www.explorecalifornia.org</authorUrl>
	<version>1.0</version>
	<description>A plugin that turns the word 'activity' into a link to the activities page.</description>

	<files>
		<filename plugin="activities">activities.php</filename>
		<filename>index.html</filename>
	</files>

	<config />
</extension>
