<?xml version="1.0" encoding="utf-8"?>
<extension type="module" version="2.5.0" client="site" method="install">
	<name>Show IP address of the client</name>
	<author>Prabhu Bhakta</author>
	<creationDate>October 2012</creationDate>
	<copyright>Copyright (C)2012 Kalika Computers</copyright>
	<license>GNU General Public License version 2 or later</license>
	<authorEmail>dprabin@kalika.com.np</authorEmail>
	<authorUrl>www.kalika.com.np</authorUrl>
	<version>1.1</version>
	<description>A module showing the IP address and related information of the client in the browser</description>
	<files>
		<filename module="mod_showip">mod_showip.php</filename>
		<filename>index.html</filename>
		<filename>mod_showip.xml</filename>
	</files>
	
	

	<config>
		<fields name="params">
			<fieldset name="basic">
				<field
					name="message"
					type="text"
					default=""
					label="Message"
					description="Message to display before IP address" />
				<field
					name="showip"
					type="list"
					default="1"
					label="Show the IP"
					description="Show the IP address" >
					<option	value="1">JYES</option>
					<option value="0">JNO</option>
				</field>
			</fieldset>
		</fields>
	</config>
</extension>