<?xml version="1.0" encoding="utf-8"?>
<extension type="module" version="1.7.0" client="site" method="install">
	<name>Explore Activities</name>
	<author>Explore California</author>
	<creationDate>April 2011</creationDate>
	<copyright>Copyright (C)2011 Explore California</copyright>
	<license>GNU General Public License version 2 or later</license>
	<authorEmail>code@explorecalifornia.org</authorEmail>
	<authorUrl>www.explorecalifornia.org</authorUrl>
	<version>1.0</version>
	<description>A module listing all of the activities in the Explore California guide</description>
	<files>
		<filename module="mod_explore">mod_explore.php</filename>
		<filename>index.html</filename>
		<filename>mod_explore.xml</filename>
	</files>
</extension>
